id;item;location;region;campaign;item_url;location_screenshot_url
0;1 Drake Kabob;Issnur Isles;Istan;Nightfall;https://wiki.guildwars.com/wiki/Drake_Kabob;https://wiki.guildwars.com/wiki/File:Nicholas_the_Traveler_Issnur_Isles_map.jpg
1;3 Amber Chunks;Ferndale;Echovald Forest;Factions;https://wiki.guildwars.com/wiki/Amber_Chunk;https://wiki.guildwars.com/wiki/File:Nicholas_the_Traveler_Ferndale_map.jpg
2;2 Glowing Hearts;Stingray Strand;Kryta;Prophecies;https://wiki.guildwars.com/wiki/Glowing_Heart;https://wiki.guildwars.com/wiki/File:Nicholas_the_Traveler_Stingray_Strand_map.jpg
3;5 Saurian Bones;Riven Earth;Tarnished Coast;Eye of the North;https://wiki.guildwars.com/wiki/Saurian_Bone;https://wiki.guildwars.com/wiki/File:Nicholas_the_Traveler_Riven_Earth_map.jpg
4;2 Behemoth Hides;Wilderness of Bahdza;Vabbi;Nightfall;https://wiki.guildwars.com/wiki/Behemoth_Hide;https://wiki.guildwars.com/wiki/File:Nicholas_the_Traveler_Wilderness_of_Bahdza_map.jpg
5;1 Luminous Stone;Crystal Overlook;The Desolation;Nightfall;https://wiki.guildwars.com/wiki/Luminous_Stone;https://wiki.guildwars.com/wiki/File:Nicholas_the_Traveler_Crystal_Overlook_map.jpg
6;3 Intricate Grawl Necklaces;Witman's Folly;Southern Shiverpeaks;Prophecies;https://wiki.guildwars.com/wiki/Intricate_Grawl_Necklace;https://wiki.guildwars.com/wiki/File:Nicholas_the_Traveler_Witman%27s_Folly_map.jpg
7;3 Jadeite Shards;Shadow's Passage;Kaineng City;Factions;https://wiki.guildwars.com/wiki/Jadeite_Shard;https://wiki.guildwars.com/wiki/File:Nicholas_the_Traveler_Shadow%27s_Passage_map.jpg
8;1 Gold Doubloon;Barbarous Shore;Kourna;Nightfall;https://wiki.guildwars.com/wiki/Gold_Doubloon;https://wiki.guildwars.com/wiki/File:Nicholas_the_Traveler_Barbarous_Shore_map.jpg
9;2 Shriveled Eyes;Skyward Reach;Crystal Desert;Prophecies;https://wiki.guildwars.com/wiki/Shriveled_Eye;https://wiki.guildwars.com/wiki/File:Nicholas_the_Traveler_Skyward_Reach_map.jpg
10;2 Icy Lodestones;Icedome;Southern Shiverpeaks;Prophecies;https://wiki.guildwars.com/wiki/Icy_Lodestone;https://wiki.guildwars.com/wiki/File:Nicholas_the_Traveler_Icedome_map.jpg
11;1 Keen Oni Talon;Silent Surf;The Jade Sea;Factions;https://wiki.guildwars.com/wiki/Keen_Oni_Talon;https://wiki.guildwars.com/wiki/File:Nicholas_the_Traveler_Silent_Surf_map.jpg
12;2 Hardened Humps;Nebo Terrace;Kryta;Prophecies;https://wiki.guildwars.com/wiki/Hardened_Hump;https://wiki.guildwars.com/wiki/File:Nicholas_the_Traveler_Nebo_Terrace_map.jpg
13;2 Piles of Elemental Dust;Drakkar Lake;Far Shiverpeaks;Eye of the North;https://wiki.guildwars.com/wiki/Pile_of_Elemental_Dust;https://wiki.guildwars.com/wiki/File:Nicholas_the_Traveler_Drakkar_Lake_map.jpg
14;3 Naga Hides;Panjiang Peninsula;Shing Jea Island;Factions;https://wiki.guildwars.com/wiki/Naga_Hide;https://wiki.guildwars.com/wiki/File:Nicholas_the_Traveler_Panjiang_Peninsula_map.jpg
15;3 Spiritwood Planks;Griffon's Mouth;Northern Shiverpeaks;Prophecies;https://wiki.guildwars.com/wiki/Spiritwood_Plank;https://wiki.guildwars.com/wiki/File:Nicholas_the_Traveler_Griffon%27s_Mouth_map.jpg
16;1 Stormy Eye;Pockmark Flats;Ascalon;Prophecies;https://wiki.guildwars.com/wiki/Stormy_Eye;https://wiki.guildwars.com/wiki/File:Nicholas_the_Traveler_Pockmark_Flats_map.jpg
17;3 Skree Wings;Forum Highlands;Vabbi;Nightfall;https://wiki.guildwars.com/wiki/Skree_Wing;https://wiki.guildwars.com/wiki/File:Nicholas_the_Traveler_Forum_Highlands_map.jpg
18;3 Soul Stones;Raisu Palace (explorable area);Kaineng City;Factions;https://wiki.guildwars.com/wiki/Soul_Stone;https://wiki.guildwars.com/wiki/File:Nicholas_the_Traveler_Raisu_Palace_(explorable_area)_map.jpg
19;1 Spiked Crest;Tears of the Fallen;Kryta;Prophecies;https://wiki.guildwars.com/wiki/Spiked_Crest;https://wiki.guildwars.com/wiki/File:Nicholas_the_Traveler_Tears_of_the_Fallen_map.jpg
20;1 Dragon Root;Drazach Thicket;Echovald Forest;Factions;https://wiki.guildwars.com/wiki/Dragon_Root;https://wiki.guildwars.com/wiki/File:Nicholas_the_Traveler_Drazach_Thicket_map.jpg
21;3 Berserker Horns;Jaga Moraine;Far Shiverpeaks;Eye of the North;https://wiki.guildwars.com/wiki/Berserker_Horn;https://wiki.guildwars.com/wiki/File:Nicholas_the_Traveler_Jaga_Moraine_map.jpg
22;1 Behemoth Jaw;Mamnoon Lagoon;Maguuma Jungle;Prophecies;https://wiki.guildwars.com/wiki/Behemoth_Jaw;https://wiki.guildwars.com/wiki/File:Nicholas_the_Traveler_Mamnoon_Lagoon_map.jpg
23;1 Bowl of Skalefin Soup;Zehlon Reach;Istan;Nightfall;https://wiki.guildwars.com/wiki/Bowl_of_Skalefin_Soup;https://wiki.guildwars.com/wiki/File:Nicholas_the_Traveler_Zehlon_Reach_map.jpg
24;2 Forest Minotaur Horns;Kessex Peak;Kryta;Prophecies;https://wiki.guildwars.com/wiki/Forest_Minotaur_Horn;https://wiki.guildwars.com/wiki/File:Nicholas_the_Traveler_Kessex_Peak_map.jpg
25;3 Putrid Cysts;Sunjiang District (explorable area);Kaineng City;Factions;https://wiki.guildwars.com/wiki/Putrid_Cyst;https://wiki.guildwars.com/wiki/File:Nicholas_the_Traveler_Sunjiang_District_(explorable_area)_map.jpg
26;2 Jade Mandibles;Salt Flats;Crystal Desert;Prophecies;https://wiki.guildwars.com/wiki/Jade_Mandible;https://wiki.guildwars.com/wiki/File:Nicholas_the_Traveler_Salt_Flats_map.jpg
27;2 Maguuma Manes;Silverwood;Maguuma Jungle;Prophecies;https://wiki.guildwars.com/wiki/Maguuma_Mane;https://wiki.guildwars.com/wiki/File:Nicholas_the_Traveler_Silverwood_map.jpg
28;1 Skull Juju;The Eternal Grove (explorable area);Echovald Forest;Factions;https://wiki.guildwars.com/wiki/Skull_Juju;https://wiki.guildwars.com/wiki/File:Nicholas_the_Traveler_The_Eternal_Grove_(explorable_area)_map.jpg
29;3 Mandragor Swamproots;Lahtenda Bog;Istan;Nightfall;https://wiki.guildwars.com/wiki/Mandragor_Swamproot;https://wiki.guildwars.com/wiki/File:Nicholas_the_Traveler_Lahtenda_Bog_map.jpg
30;1 Bottle of Vabbian Wine;Vehtendi Valley;Vabbi;Nightfall;https://wiki.guildwars.com/wiki/Bottle_of_Vabbian_Wine;https://wiki.guildwars.com/wiki/File:Nicholas_the_Traveler_Vehtendi_Valley_map.jpg
31;2 Weaver Legs;Magus Stones;Tarnished Coast;Eye of the North;https://wiki.guildwars.com/wiki/Weaver_Leg;https://wiki.guildwars.com/wiki/File:Nicholas_the_Traveler_Magus_Stones_map.jpg
32;1 Topaz Crest;Diviner's Ascent;Crystal Desert;Prophecies;https://wiki.guildwars.com/wiki/Topaz_Crest;https://wiki.guildwars.com/wiki/File:Nicholas_the_Traveler_Diviner%27s_Ascent_map.jpg
33;2 Rot Wallow Tusks;Pongmei Valley;Kaineng City;Factions;https://wiki.guildwars.com/wiki/Rot_Wallow_Tusk;https://wiki.guildwars.com/wiki/File:Nicholas_the_Traveler_Pongmei_Valley_map.jpg
34;2 Frostfire Fangs;Anvil Rock;Northern Shiverpeaks;Prophecies;https://wiki.guildwars.com/wiki/Frostfire_Fang;https://wiki.guildwars.com/wiki/File:Nicholas_the_Traveler_Anvil_Rock_map.jpg
35;1 Demonic Relic;The Ruptured Heart;The Desolation;Nightfall;https://wiki.guildwars.com/wiki/Demonic_Relic;https://wiki.guildwars.com/wiki/File:Nicholas_the_Traveler_The_Ruptured_Heart_map.jpg
36;2 Abnormal Seeds;Talmark Wilderness;Kryta;Prophecies;https://wiki.guildwars.com/wiki/Abnormal_Seed;https://wiki.guildwars.com/wiki/File:Nicholas_the_Traveler_Talmark_Wilderness_map.jpg
37;1 Diamond Djinn Essence;The Hidden City of Ahdashim;Vabbi;Nightfall;https://wiki.guildwars.com/wiki/Diamond_Djinn_Essence;https://wiki.guildwars.com/wiki/File:Nicholas_the_Traveler_The_Hidden_City_of_Ahdashim_map.jpg
38;2 Forgotten Seals;Vulture Drifts;Crystal Desert;Prophecies;https://wiki.guildwars.com/wiki/Forgotten_Seal;https://wiki.guildwars.com/wiki/File:Nicholas_the_Traveler_Vulture_Drifts_map.jpg
39;5 Copper Crimson Skull Coins;Kinya Province;Shing Jea Island;Factions;https://wiki.guildwars.com/wiki/Copper_Crimson_Skull_Coin;https://wiki.guildwars.com/wiki/File:Nicholas_the_Traveler_Kinya_Province_map.jpg
40;3 Mossy Mandibles;Ettin's Back;Maguuma Jungle;Prophecies;https://wiki.guildwars.com/wiki/Mossy_Mandible;https://wiki.guildwars.com/wiki/File:Nicholas_the_Traveler_Ettin%27s_Back_map.jpg
41;2 Enslavement Stones;Grenth's Footprint;Southern Shiverpeaks;Prophecies;https://wiki.guildwars.com/wiki/Enslavement_Stone;https://wiki.guildwars.com/wiki/File:Nicholas_the_Traveler_Grenth%27s_Footprint_map.jpg
42;5 Elonian Leather Squares;Jahai Bluffs;Kourna;Nightfall;https://wiki.guildwars.com/wiki/Elonian_Leather_Square;https://wiki.guildwars.com/wiki/File:Nicholas_the_Traveler_Jahai_Bluffs_map.jpg
43;2 Cobalt Talons;Vehjin Mines;Vabbi;Nightfall;https://wiki.guildwars.com/wiki/Cobalt_Talon;https://wiki.guildwars.com/wiki/File:Nicholas_the_Traveler_Vehjin_Mines_map.jpg
44;1 Maguuma Spider Web;Reed Bog;Maguuma Jungle;Prophecies;https://wiki.guildwars.com/wiki/Maguuma_Spider_Web;https://wiki.guildwars.com/wiki/File:Nicholas_the_Traveler_Reed_Bog_map.jpg
45;5 Forgotten Trinket Boxes;Minister Cho's Estate (explorable area);Shing Jea Island;Factions;https://wiki.guildwars.com/wiki/Forgotten_Trinket_Box;https://wiki.guildwars.com/wiki/File:Nicholas_the_Traveler_Minister_Cho%27s_Estate_(explorable_area)_map.jpg
46;3 Icy Humps;Iron Horse Mine;Northern Shiverpeaks;Prophecies;https://wiki.guildwars.com/wiki/Icy_Hump;https://wiki.guildwars.com/wiki/File:Nicholas_the_Traveler_Iron_Horse_Mine_map.jpg
47;1 Sandblasted Lodestone;The Shattered Ravines;The Desolation;Nightfall;https://wiki.guildwars.com/wiki/Sandblasted_Lodestone;https://wiki.guildwars.com/wiki/File:Nicholas_the_Traveler_The_Shattered_Ravines_map.jpg
48;3 Black Pearls;Archipelagos;The Jade Sea;Factions;https://wiki.guildwars.com/wiki/Black_Pearl;https://wiki.guildwars.com/wiki/File:Nicholas_the_Traveler_Archipelagos_map.jpg
49;3 Insect Carapaces;Marga Coast;Kourna;Nightfall;https://wiki.guildwars.com/wiki/Insect_Carapace;https://wiki.guildwars.com/wiki/File:Nicholas_the_Traveler_Marga_Coast_map.jpg
50;3 Mergoyle Skulls;Watchtower Coast;Kryta;Prophecies;https://wiki.guildwars.com/wiki/Mergoyle_Skull;https://wiki.guildwars.com/wiki/File:Nicholas_the_Traveler_Watchtower_Coast_map.jpg
51;3 Decayed Orr Emblems;Cursed Lands;Kryta;Prophecies;https://wiki.guildwars.com/wiki/Decayed_Orr_Emblem;https://wiki.guildwars.com/wiki/File:Nicholas_the_Traveler_Cursed_Lands_map.jpg
52;5 Tempered Glass Vials;Mourning Veil Falls;Echovald Forest;Factions;https://wiki.guildwars.com/wiki/Tempered_Glass_Vial;https://wiki.guildwars.com/wiki/File:Nicholas_the_Traveler_Mourning_Veil_Falls_map.jpg
53;3 Scorched Lodestones;Old Ascalon;Ascalon;Prophecies;https://wiki.guildwars.com/wiki/Scorched_Lodestone;https://wiki.guildwars.com/wiki/File:Nicholas_the_Traveler_Old_Ascalon_map.jpg
54;1 Water Djinn Essence;Turai's Procession;The Desolation;Nightfall;https://wiki.guildwars.com/wiki/Water_Djinn_Essence;https://wiki.guildwars.com/wiki/File:Nicholas_the_Traveler_Turai%27s_Procession_map.jpg
55;1 Guardian Moss;Maishang Hills;The Jade Sea;Factions;https://wiki.guildwars.com/wiki/Guardian_Moss;https://wiki.guildwars.com/wiki/File:Nicholas_the_Traveler_Maishang_Hills_map.jpg
56;6 Dwarven Ales;The Floodplain of Mahnkelon;Kourna;Nightfall;https://wiki.guildwars.com/wiki/Dwarven_Ale;https://wiki.guildwars.com/wiki/File:Nicholas_the_Traveler_The_Floodplain_of_Mahnkelon_map.jpg
57;2 Amphibian Tongues;Sparkfly Swamp;Tarnished Coast;Eye of the North;https://wiki.guildwars.com/wiki/Amphibian_Tongue;https://wiki.guildwars.com/wiki/File:Nicholas_the_Traveler_Sparkfly_Swamp_map.jpg
58;2 Alpine Seeds;Frozen Forest;Southern Shiverpeaks;Prophecies;https://wiki.guildwars.com/wiki/Alpine_Seed;https://wiki.guildwars.com/wiki/File:Nicholas_the_Traveler_Frozen_Forest_map.jpg
59;2 Tangled Seeds;Dry Top;Maguuma Jungle;Prophecies;https://wiki.guildwars.com/wiki/Tangled_Seed;https://wiki.guildwars.com/wiki/File:Nicholas_the_Traveler_Dry_Top_map.jpg
60;3 Stolen Supplies;Jaya Bluffs;Shing Jea Island;Factions;https://wiki.guildwars.com/wiki/Stolen_Supplies;https://wiki.guildwars.com/wiki/File:Nicholas_the_Traveler_Jaya_Bluffs_map.jpg
61;1 Pahnai Salad;Plains of Jarin;Istan;Nightfall;https://wiki.guildwars.com/wiki/Pahnai_Salad;https://wiki.guildwars.com/wiki/File:Nicholas_the_Traveler_Plains_of_Jarin_map.jpg
62;3 Vermin Hides;Xaquang Skyway;Kaineng City;Factions;https://wiki.guildwars.com/wiki/Vermin_Hide;https://wiki.guildwars.com/wiki/File:Nicholas_the_Traveler_Xaquang_Skyway_map.jpg
63;1 Roaring Ether Heart;The Mirror of Lyss;Vabbi;Nightfall;https://wiki.guildwars.com/wiki/Roaring_Ether_Heart;https://wiki.guildwars.com/wiki/File:Nicholas_the_Traveler_The_Mirror_of_Lyss_map.jpg
64;3 Leathery Claws;Ascalon Foothills;Ascalon;Prophecies;https://wiki.guildwars.com/wiki/Leathery_Claw;https://wiki.guildwars.com/wiki/File:Nicholas_the_Traveler_Ascalon_Foothills_map.jpg
65;1 Azure Crest;Unwaking Waters (explorable area);The Jade Sea;Factions;https://wiki.guildwars.com/wiki/Azure_Crest;https://wiki.guildwars.com/wiki/File:Nicholas_the_Traveler_Unwaking_Waters_(explorable_area)_map.jpg
66;1 Jotun Pelt;Bjora Marches;Far Shiverpeaks;Eye of the North;https://wiki.guildwars.com/wiki/Jotun_Pelt;https://wiki.guildwars.com/wiki/File:Nicholas_the_Traveler_Bjora_Marches_map.jpg
67;2 Heket Tongues;Dejarin Estate;Kourna;Nightfall;https://wiki.guildwars.com/wiki/Heket_Tongue;https://wiki.guildwars.com/wiki/File:Nicholas_the_Traveler_Dejarin_Estate_map.jpg
68;5 Mountain Troll Tusks;Talus Chute;Southern Shiverpeaks;Prophecies;https://wiki.guildwars.com/wiki/Mountain_Troll_Tusk;https://wiki.guildwars.com/wiki/File:Nicholas_the_Traveler_Talus_Chute_map.jpg
69;3 Vials of Ink;Shenzun Tunnels;Kaineng City;Factions;https://wiki.guildwars.com/wiki/Vial_of_Ink;https://wiki.guildwars.com/wiki/File:Nicholas_the_Traveler_Shenzun_Tunnels_map.jpg
70;3 Kournan Pendants;Gandara, the Moon Fortress;Kourna;Nightfall;https://wiki.guildwars.com/wiki/Kournan_Pendant;https://wiki.guildwars.com/wiki/File:Nicholas_the_Traveler_Gandara,_the_Moon_Fortress_map.jpg
71;3 Singed Gargoyle Skulls;Diessa Lowlands;Ascalon;Prophecies;https://wiki.guildwars.com/wiki/Singed_Gargoyle_Skull;https://wiki.guildwars.com/wiki/File:Nicholas_the_Traveler_Diessa_Lowlands_map.jpg
72;3 Dredge Incisors;Melandru's Hope;Echovald Forest;Factions;https://wiki.guildwars.com/wiki/Dredge_Incisor;https://wiki.guildwars.com/wiki/File:Nicholas_the_Traveler_Melandru%27s_Hope_map.jpg
73;3 Stone Summit Badges;Tasca's Demise;Southern Shiverpeaks;Prophecies;https://wiki.guildwars.com/wiki/Stone_Summit_Badge;https://wiki.guildwars.com/wiki/File:Nicholas_the_Traveler_Tasca%27s_Demise_map.jpg
74;3 Krait Skins;Arbor Bay;Tarnished Coast;Eye of the North;https://wiki.guildwars.com/wiki/Krait_Skin;https://wiki.guildwars.com/wiki/File:Nicholas_the_Traveler_Arbor_Bay_map.jpg
75;2 Inscribed Shards;Joko's Domain;The Desolation;Nightfall;https://wiki.guildwars.com/wiki/Inscribed_Shard;https://wiki.guildwars.com/wiki/File:Nicholas_the_Traveler_Joko%27s_Domain_map.jpg
76;3 Feathered Scalps;Sunqua Vale;Shing Jea Island;Factions;https://wiki.guildwars.com/wiki/Feathered_Scalp;https://wiki.guildwars.com/wiki/File:Nicholas_the_Traveler_Sunqua_Vale_map.jpg
77;3 Mummy Wrappings;The Sulfurous Wastes;The Desolation;Nightfall;https://wiki.guildwars.com/wiki/Mummy_Wrapping;https://wiki.guildwars.com/wiki/File:Nicholas_the_Traveler_The_Sulfurous_Wastes_map.jpg
78;2 Shadowy Remnants;The Black Curtain;Kryta;Prophecies;https://wiki.guildwars.com/wiki/Shadowy_Remnants;https://wiki.guildwars.com/wiki/File:Nicholas_the_Traveler_The_Black_Curtain_map.jpg
79;3 Ancient Kappa Shells;The Undercity;Kaineng City;Factions;https://wiki.guildwars.com/wiki/Ancient_Kappa_Shell;https://wiki.guildwars.com/wiki/File:Nicholas_the_Traveler_The_Undercity_map.jpg
80;1 Geode;Yatendi Canyons;Vabbi;Nightfall;https://wiki.guildwars.com/wiki/Geode;https://wiki.guildwars.com/wiki/File:Nicholas_the_Traveler_Yatendi_Canyons_map.jpg
81;2 Fibrous Mandragor Roots;Grothmar Wardowns;Charr Homelands;Eye of the North;https://wiki.guildwars.com/wiki/Fibrous_Mandragor_Root;https://wiki.guildwars.com/wiki/File:Nicholas_the_Traveler_Grothmar_Wardowns_map.jpg
82;3 Gruesome Ribcages;Dragon's Gullet;Ascalon;Prophecies;https://wiki.guildwars.com/wiki/Gruesome_Ribcage;https://wiki.guildwars.com/wiki/File:Nicholas_the_Traveler_Dragon%27s_Gullet_map.jpg
83;2 Kraken Eyes;Boreas Seabed (explorable area);The Jade Sea;Factions;https://wiki.guildwars.com/wiki/Kraken_Eye;https://wiki.guildwars.com/wiki/File:Nicholas_the_Traveler_Boreas_Seabed_(explorable_area)_map.jpg
84;3 Bog Skale Fins;Scoundrel's Rise;Kryta;Prophecies;https://wiki.guildwars.com/wiki/Bog_Skale_Fin;https://wiki.guildwars.com/wiki/File:Nicholas_the_Traveler_Scoundrel%27s_Rise_map.jpg
85;2 Sentient Spores;Sunward Marches;Kourna;Nightfall;https://wiki.guildwars.com/wiki/Sentient_Spore;https://wiki.guildwars.com/wiki/File:Nicholas_the_Traveler_Sunward_Marches_map.jpg
86;2 Ancient Eyes;Sage Lands;Maguuma Jungle;Prophecies;https://wiki.guildwars.com/wiki/Ancient_Eye;https://wiki.guildwars.com/wiki/File:Nicholas_the_Traveler_Sage_Lands_map.jpg
87;3 Copper Shillings;Cliffs of Dohjok;Istan;Nightfall;https://wiki.guildwars.com/wiki/Copper_Shilling;https://wiki.guildwars.com/wiki/File:Nicholas_the_Traveler_Cliffs_of_Dohjok_map.jpg
88;3 Frigid Mandragor Husks;Norrhart Domains;Far Shiverpeaks;Eye of the North;https://wiki.guildwars.com/wiki/Frigid_Mandragor_Husk;https://wiki.guildwars.com/wiki/File:Nicholas_the_Traveler_Norrhart_Domains_map.jpg
89;3 Bolts of Linen;Traveler's Vale;Northern Shiverpeaks;Prophecies;https://wiki.guildwars.com/wiki/Bolt_of_Linen;https://wiki.guildwars.com/wiki/File:Nicholas_the_Traveler_Traveler%27s_Vale_map.jpg
90;3 Charr Carvings;Flame Temple Corridor;Ascalon;Prophecies;https://wiki.guildwars.com/wiki/Charr_Carving;https://wiki.guildwars.com/wiki/File:Nicholas_the_Traveler_Flame_Temple_Corridor_map.jpg
91;3 Red Iris Flowers;Regent Valley;Ascalon;Prophecies;https://wiki.guildwars.com/wiki/Red_Iris_Flower;https://wiki.guildwars.com/wiki/File:Nicholas_the_Traveler_Regent_Valley_map.jpg
92;3 Feathered Avicara Scalps;Mineral Springs;Southern Shiverpeaks;Prophecies;https://wiki.guildwars.com/wiki/Feathered_Avicara_Scalp;https://wiki.guildwars.com/wiki/File:Nicholas_the_Traveler_Mineral_Springs_map.jpg
93;2 Margonite Masks;Poisoned Outcrops;The Desolation;Nightfall;https://wiki.guildwars.com/wiki/Margonite_Mask;https://wiki.guildwars.com/wiki/File:Nicholas_the_Traveler_Poisoned_Outcrops_map.jpg
94;2 Quetzal Crests;Alcazia Tangle;Tarnished Coast;Eye of the North;https://wiki.guildwars.com/wiki/Quetzal_Crest;https://wiki.guildwars.com/wiki/File:Nicholas_the_Traveler_Alcazia_Tangle_map.jpg
95;3 Plague Idols;Wajjun Bazaar;Kaineng City;Factions;https://wiki.guildwars.com/wiki/Plague_Idol;https://wiki.guildwars.com/wiki/File:Nicholas_the_Traveler_Wajjun_Bazaar_map.jpg
96;2 Azure Remains;Dreadnought's Drift;Southern Shiverpeaks;Prophecies;https://wiki.guildwars.com/wiki/Azure_Remains;https://wiki.guildwars.com/wiki/File:Nicholas_the_Traveler_Dreadnought%27s_Drift_map.jpg
97;1 Mandragor Root Cake;Arkjok Ward;Kourna;Nightfall;https://wiki.guildwars.com/wiki/Mandragor_Root_Cake;https://wiki.guildwars.com/wiki/File:Nicholas_the_Traveler_Arkjok_Ward_map.jpg
98;1 Mahgo Claw;Perdition Rock;Ring of Fire Islands;Prophecies;https://wiki.guildwars.com/wiki/Mahgo_Claw;https://wiki.guildwars.com/wiki/File:Nicholas_the_Traveler_Perdition_Rock_map.jpg
99;5 Mantid Pincers;Saoshang Trail;Shing Jea Island;Factions;https://wiki.guildwars.com/wiki/Mantid_Pincer;https://wiki.guildwars.com/wiki/File:Nicholas_the_Traveler_Saoshang_Trail_map.jpg
100;3 Sentient Seeds;Fahranur, The First City;Istan;Nightfall;https://wiki.guildwars.com/wiki/Sentient_Seed;https://wiki.guildwars.com/wiki/File:Nicholas_the_Traveler_Fahranur,_The_First_City_map.jpg
101;2 Stone Grawl Necklaces;Sacnoth Valley;Charr Homelands;Eye of the North;https://wiki.guildwars.com/wiki/Stone_Grawl_Necklace;https://wiki.guildwars.com/wiki/File:Nicholas_the_Traveler_Sacnoth_Valley_map.jpg
102;1 Herring;Twin Serpent Lakes;Kryta;Prophecies;https://wiki.guildwars.com/wiki/Herring;https://wiki.guildwars.com/wiki/File:Nicholas_the_Traveler_Twin_Serpent_Lakes_map.jpg
103;3 Naga Skins;Mount Qinkai;The Jade Sea;Factions;https://wiki.guildwars.com/wiki/Naga_Skin;https://wiki.guildwars.com/wiki/File:Nicholas_the_Traveler_Mount_Qinkai_map.jpg
104;1 Gloom Seed;The Falls;Maguuma Jungle;Prophecies;https://wiki.guildwars.com/wiki/Gloom_Seed;https://wiki.guildwars.com/wiki/File:Nicholas_the_Traveler_The_Falls_map.jpg
105;1 Charr Hide;The Breach;Ascalon;Prophecies;https://wiki.guildwars.com/wiki/Charr_Hide;https://wiki.guildwars.com/wiki/File:Nicholas_the_Traveler_The_Breach_map.jpg
106;1 Ruby Djinn Essence;The Alkali Pan;The Desolation;Nightfall;https://wiki.guildwars.com/wiki/Ruby_Djinn_Essence;https://wiki.guildwars.com/wiki/File:Nicholas_the_Traveler_The_Alkali_Pan_map.jpg
107;2 Thorny Carapaces;Majesty's Rest;Kryta;Prophecies;https://wiki.guildwars.com/wiki/Thorny_Carapace;https://wiki.guildwars.com/wiki/File:Nicholas_the_Traveler_Majesty%27s_Rest_map.jpg
108;3 Bone Charms;Rhea's Crater;The Jade Sea;Factions;https://wiki.guildwars.com/wiki/Bone_Charm_(trophy);https://wiki.guildwars.com/wiki/File:Nicholas_the_Traveler_Rhea%27s_Crater_map.jpg
109;3 Modniir Manes;Varajar Fells;Far Shiverpeaks;Eye of the North;https://wiki.guildwars.com/wiki/Modniir_Mane;https://wiki.guildwars.com/wiki/File:Nicholas_the_Traveler_Varajar_Fells_map.jpg
110;3 Superb Charr Carvings;Dalada Uplands;Charr Homelands;Eye of the North;https://wiki.guildwars.com/wiki/Superb_Charr_Carving;https://wiki.guildwars.com/wiki/File:Nicholas_the_Traveler_Dalada_Uplands_map.jpg
111;5 Rolls of Parchment;Zen Daijun (explorable area);Shing Jea Island;Factions;https://wiki.guildwars.com/wiki/Roll_of_Parchment;https://wiki.guildwars.com/wiki/File:Nicholas_the_Traveler_Zen_Daijun_(explorable_area)_map.jpg
112;2 Roaring Ether Claws;Garden of Seborhin;Vabbi;Nightfall;https://wiki.guildwars.com/wiki/Roaring_Ether_Claw;https://wiki.guildwars.com/wiki/File:Nicholas_the_Traveler_Garden_of_Seborhin_map.jpg
113;3 Branches of Juni Berries;Bukdek Byway;Kaineng City;Factions;https://wiki.guildwars.com/wiki/Branch_of_Juni_Berries;https://wiki.guildwars.com/wiki/File:Nicholas_the_Traveler_Bukdek_Byway_map.jpg
114;3 Shiverpeak Manes;Deldrimor Bowl;Northern Shiverpeaks;Prophecies;https://wiki.guildwars.com/wiki/Shiverpeak_Mane;https://wiki.guildwars.com/wiki/File:Nicholas_the_Traveler_Deldrimor_Bowl_map.jpg
115;3 Fetid Carapaces;Eastern Frontier;Ascalon;Prophecies;https://wiki.guildwars.com/wiki/Fetid_Carapace;https://wiki.guildwars.com/wiki/File:Nicholas_the_Traveler_Eastern_Frontier_map.jpg
116;2 Moon Shells;Gyala Hatchery (explorable area);The Jade Sea;Factions;https://wiki.guildwars.com/wiki/Moon_Shell;https://wiki.guildwars.com/wiki/File:Nicholas_the_Traveler_Gyala_Hatchery_(explorable_area)_map.jpg
117;1 Massive Jawbone;The Arid Sea;Crystal Desert;Prophecies;https://wiki.guildwars.com/wiki/Massive_Jawbone;https://wiki.guildwars.com/wiki/File:Nicholas_the_Traveler_The_Arid_Sea_map.jpg
118;1 Chromatic Scale;Ice Cliff Chasms;Far Shiverpeaks;Eye of the North;https://wiki.guildwars.com/wiki/Chromatic_Scale;https://wiki.guildwars.com/wiki/File:Nicholas_the_Traveler_Ice_Cliff_Chasms_map.jpg
119;3 Mursaat Tokens;Ice Floe;Southern Shiverpeaks;Prophecies;https://wiki.guildwars.com/wiki/Mursaat_Token;https://wiki.guildwars.com/wiki/File:Nicholas_the_Traveler_Ice_Floe_map.jpg
120;1 Sentient Lodestone;Bahdok Caverns;Kourna;Nightfall;https://wiki.guildwars.com/wiki/Sentient_Lodestone;https://wiki.guildwars.com/wiki/File:Nicholas_the_Traveler_Bahdok_Caverns_map.jpg
121;3 Jungle Troll Tusks;Tangle Root;Maguuma Jungle;Prophecies;https://wiki.guildwars.com/wiki/Jungle_Troll_Tusk;https://wiki.guildwars.com/wiki/File:Nicholas_the_Traveler_Tangle_Root_map.jpg
122;1 Sapphire Djinn Essence;Resplendent Makuun;Vabbi;Nightfall;https://wiki.guildwars.com/wiki/Sapphire_Djinn_Essence;https://wiki.guildwars.com/wiki/File:Nicholas_the_Traveler_Resplendent_Makuun_map.jpg
123;1 Stone Carving;Arborstone (explorable area);Echovald Forest;Factions;https://wiki.guildwars.com/wiki/Stone_Carving;https://wiki.guildwars.com/wiki/File:Nicholas_the_Traveler_Arborstone_(explorable_area)_map.jpg
124;3 Feathered Caromi Scalps;North Kryta Province;Kryta;Prophecies;https://wiki.guildwars.com/wiki/Feathered_Caromi_Scalp;https://wiki.guildwars.com/wiki/File:Nicholas_the_Traveler_North_Kryta_Province_map.jpg
125;1 Pillaged Goods;Holdings of Chokhin;Vabbi;Nightfall;https://wiki.guildwars.com/wiki/Pillaged_Goods;https://wiki.guildwars.com/wiki/File:Nicholas_the_Traveler_Holdings_of_Chokhin_map.jpg
126;1 Gold Crimson Skull Coin;Haiju Lagoon;Shing Jea Island;Factions;https://wiki.guildwars.com/wiki/Gold_Crimson_Skull_Coin;https://wiki.guildwars.com/wiki/File:Nicholas_the_Traveler_Haiju_Lagoon_map.jpg
127;3 Jade Bracelets;Tahnnakai Temple (explorable area);Kaineng City;Factions;https://wiki.guildwars.com/wiki/Jade_Bracelet;https://wiki.guildwars.com/wiki/File:Nicholas_the_Traveler_Tahnnakai_Temple_(explorable_area)_map.jpg
128;2 Minotaur Horns;Prophet's Path;Crystal Desert;Prophecies;https://wiki.guildwars.com/wiki/Minotaur_Horn;https://wiki.guildwars.com/wiki/File:Nicholas_the_Traveler_Prophet%27s_Path_map.jpg
129;2 Frosted Griffon Wings;Snake Dance;Southern Shiverpeaks;Prophecies;https://wiki.guildwars.com/wiki/Frosted_Griffon_Wing;https://wiki.guildwars.com/wiki/File:Nicholas_the_Traveler_Snake_Dance_map.jpg
130;2 Silver Bullion Coins;Mehtani Keys;Istan;Nightfall;https://wiki.guildwars.com/wiki/Silver_Bullion_Coin;https://wiki.guildwars.com/wiki/File:Nicholas_the_Traveler_Mehtani_Keys_map.jpg
131;1 Truffle;Morostav Trail;Echovald Forest;Factions;https://wiki.guildwars.com/wiki/Truffle;https://wiki.guildwars.com/wiki/File:Nicholas_the_Traveler_Morostav_Trail_map.jpg
132;3 Skelk Claws;Verdant Cascades;Tarnished Coast;Eye of the North;https://wiki.guildwars.com/wiki/Skelk_Claw;https://wiki.guildwars.com/wiki/File:Nicholas_the_Traveler_Verdant_Cascades_map.jpg
133;2 Dessicated Hydra Claws;The Scar;Crystal Desert;Prophecies;https://wiki.guildwars.com/wiki/Dessicated_Hydra_Claw;https://wiki.guildwars.com/wiki/File:Nicholas_the_Traveler_The_Scar_map.jpg
134;3 Frigid Hearts;Spearhead Peak;Southern Shiverpeaks;Prophecies;https://wiki.guildwars.com/wiki/Frigid_Heart;https://wiki.guildwars.com/wiki/File:Nicholas_the_Traveler_Spearhead_Peak_map.jpg
135;3 Celestial Essences;Nahpui Quarter (explorable area);Kaineng City;Factions;https://wiki.guildwars.com/wiki/Celestial_Essence;https://wiki.guildwars.com/wiki/File:Nicholas_the_Traveler_Nahpui_Quarter_(explorable_area)_map.jpg
136;1 Phantom Residue;Lornar's Pass;Southern Shiverpeaks;Prophecies;https://wiki.guildwars.com/wiki/Phantom_Residue;https://wiki.guildwars.com/wiki/File:Nicholas_the_Traveler_Lornar%27s_Pass_map.jpg
